feature,importance
num__consecutive_dry_days,0.4421488283703147
num__soil_moisture_index,0.2886822254396974
num__temperature_c,0.0427028563197323
num__rainfall_mm,0.03854846199199889
cat__month_12,0.016227372193837256
cat__month_1,0.012784525660484831
cat__month_2,0.011766893277946687
cat__month_11,0.009096518191330465
cat__station_id_WQ-0039,0.007860988412412272
cat__month_3,0.007364852577456577
cat__month_8,0.00682403547150247
cat__month_6,0.0068226120314738205
cat__month_10,0.006699053106864244
cat__month_9,0.006688745981473962
cat__month_7,0.006653830784874934
cat__month_5,0.005767835547760726
cat__station_id_WQ-0020,0.003947997848253581
cat__station_id_WQ-0034,0.0038748970806818496
cat__river_basin_เจ้าพระยา,0.003632390871941355
cat__river_basin_กก,0.0029231640668356067
cat__station_id_WQ-0014,0.002913346160372863
cat__province_เชียงราย,0.0028978341118630646
cat__month_4,0.0027744965518158534
cat__station_id_WQ-0018,0.002710816263886264
cat__station_id_WQ-0030,0.002307014421492678
cat__province_กาญจนบุรี,0.002057909827918742
cat__province_นครราชสีมา,0.0020178057000872314
cat__river_basin_มูล,0.002004245886598913
cat__station_id_WQ-0029,0.0018847850561750192
cat__river_basin_ท่าจีน,0.001855045664302855
cat__river_basin_ทะเลสาบสงขลา,0.0018157680243365705
cat__river_basin_ปิง,0.001779953095722811
cat__province_นครปฐม,0.0016467875046588486
cat__province_อยุธยา,0.0016363466024211378
cat__station_id_WQ-0043,0.0015832421519980083
cat__province_สุพรรณบุรี,0.001579710858653725
cat__province_สงขลา,0.001578529837228338
cat__river_basin_แม่กลอง,0.001552393474929147
cat__province_เชียงใหม่,0.001524696241139726
cat__station_id_WQ-0044,0.0015234145235939007
cat__province_อุบลราชธานี,0.0015029207028652131
cat__province_ปทุมธานี,0.0014879075706839685
cat__station_id_WQ-0010,0.0014424501710317151
cat__station_id_WQ-0019,0.0013222280437562312
cat__station_id_WQ-0013,0.0012055084652826383
cat__station_id_WQ-0011,0.0011820941727507075
cat__station_id_WQ-0028,0.001141844997270533
cat__province_นนทบุรี,0.001119307827252284
cat__station_id_WQ-0042,0.0010858474765780256
cat__province_นครสวรรค์,0.0010530951460860545
cat__province_ขอนแก่น,0.001042817489254227
cat__province_กรุงเทพมหานคร,0.000989242199998163
cat__river_basin_ชี,0.0008455948452400012
cat__station_id_WQ-0005,0.0008263710244407764
cat__province_ราชบุรี,0.0007923299593802279
cat__station_id_WQ-0045,0.000716373403551291
cat__station_id_WQ-0038,0.0007077910682442052
cat__station_id_WQ-0036,0.0007024589246940518
cat__station_id_WQ-0021,0.0006926230579704704
cat__station_id_WQ-0022,0.0006687100918704794
cat__station_id_WQ-0031,0.0006004973537580819
cat__station_id_WQ-0041,0.000574942882944528
cat__station_id_WQ-0037,0.0005548909706541556
cat__station_id_WQ-0016,0.0005058012681091452
cat__station_id_WQ-0040,0.00046883147815217607
cat__station_id_WQ-0035,0.00046696226238204585
cat__station_id_WQ-0033,0.0004451738321823635
cat__station_id_WQ-0012,0.00043988310196004405
cat__station_id_WQ-0023,0.00043138280317476027
cat__station_id_WQ-0015,0.0004158266737253667
cat__station_id_WQ-0006,0.0003879634141053582
cat__station_id_WQ-0003,0.0003690507601833117
cat__station_id_WQ-0008,0.0003569038664798471
cat__station_id_WQ-0001,0.00034583987680737526
cat__station_id_WQ-0032,0.00030227763430777627
cat__station_id_WQ-0017,0.0002834835720901162
cat__station_id_WQ-0027,0.00027911180812598986
cat__station_id_WQ-0026,0.00026475623054350464
cat__station_id_WQ-0007,0.0002508912116290073
cat__station_id_WQ-0002,0.00024630934072137755
cat__station_id_WQ-0004,0.0002378328929440388
cat__station_id_WQ-0009,0.00021487127211076778
cat__station_id_WQ-0025,0.0001988996362542787
cat__station_id_WQ-0024,0.00016787203238367198
